id,dept_id,item_name
1,1,CONSULTATION
2,1,MEDICAL EXAMINATION
3,4,METRONIDAZOLE 100ML INJ 5MG/ML
4,4,"METRONIDAZOLE SUSPENSION 200MG/5ML, 100ML"
5,4,METRONIDAZOLE TABS 200 MG
6,4,TINIDAZOLE 500MG TABS
7,4,LIGNOCAIN SPINAL IN 7.5 % DEXTROSE 2ML INJ 5%
8,4,LIGNOCAIN+ADRENALINE 50ML INJ 2%+1: 80000
9,4,LIGNOCAINE 50ML INJ 2%
10,4,HALOTHANE INHALATION
11,4,KETAMINE 10ML INJECTION 50MG/ML
12,4,THIOPENTAL PDR F INJ 500 MG
13,4,ISOFLURANE INHALATION 250 ML
14,4,"ALBENDAZOLE TABS 200MG, CHEWABLE"
15,4,MEBENDAZOLE  SUSP 100 MG/5ML
16,4,"MEBENDAZOLE  TABS 100 MG, CHEWABLE"
17,4,CARBAMAZEPINE TABS 200 MG
18,4,DIAZEPAM 2ML INJ 5 MG/ML
19,4,DIAZEPAM TABS 5 MG
20,4,MAGNESIUM SULPHATE 500MG/ML 10ML INJECTION
21,4,"PHENOBARBITAL SODIUM 100MG/ML,2ML INJECTION"
22,4,PHENOBARBITAL TABS 100 MG
23,4,PHENOBARBITAL TABS 30 MG
24,4,PHENYTOIN TABS 100 MG
25,4,MAGNESIUM TRISILICATE BPC COMPOUND TABS
26,4,OMEPRAZOLE TABLETS 20MG
27,4,RANITIDINE 150MG TABLETS
28,4,RANITIDINE 150MG TABLETS
29,4,ADRENALINE 1ML INJ 1MG/ML
30,4,CETRIZINE SYRUP 5mg/5ml
31,4,CETRIZINE TABS 10 MG
32,4,CHLORPHENIRAMINE  TABS 4 MG
33,4,CHLORPHENIRAMINE 1ML INJ 10MG/ML
34,4,PROMETHAZINE 2ML INJ 25MG/ML
35,4,PROMETHAZINE TABS 25 MG
36,4,ATENOLOL 50MG TABLTES
37,4,GLYCERYLTRINITRATE TABS 0.5 MG
38,4,ISOSORBIDE DINITRATE 10MG TABS
39,4,NIFEDIPINE RETARD TABS 20 MG
40,4,PROPRANOLOL TABS 40 MG
41,4,VERAPAMIL 40MG TABS
42,4,"VERAPAMIL INJECTION 2.5MG/ML , 2ML"
43,4,AMINOPHYLLINE  TABS 100 MG
44,4,AMINOPHYLLINE 10ML INJ 25MG/ML
45,4,COUGH EXPECTORANT ADULT 100ML SYRUP
46,4,COUGH EXPECTORANT CHILD 100ML SYRUP
47,4,EPHEDRINE  TABS 30 MG
48,4,EPHEDRINE 1ML INJ 30MG/ML
49,4,EPHEDRINE NASAL DROPS 0.5% (PAEDIATRIC)
50,4,SALBUTAMOL AEOROSOL INHALATION 0.1 MG/INHAL
51,4,SALBUTAMOL TABS 4 MG
52,4,AMOXICILLIN  CAPSULESULES 250MG
53,4,AMOXICILLIN GRANULES 125MG/5ML 100MLS
54,4,AMOXICILLIN TRIHYDRATE+CLAVULANIC POTASSIUM 500MG+125MG CAPSULES
55,4,AMPICILLIN PDR F INJ 500 MG
56,4,AZITHROMYCIN DEHYDRATE CAP 250MG
57,4,BENZATHINE PENICILLIN FORTIFIED PDR F INJ 2.4 MU
58,4,BENZYL PENICILLIN PDR F INJ 5 MU
59,4,CEFTRIAXONE PDR F INJ  1G
60,4,CEFTRIAXONE POWDER INJ 250 MG
61,4,CHLORAMPHENICOL  CAPSULES 250 MG
62,4,CHLORAMPHENICOL EYE OINTMENT 1% 3.5GM
63,4,CHLORAMPHENICOL PDR F INJ 1 G
64,4,CHLORAMPHENICOL SYRUP 125MG/5ML 100MLS
65,4,CIPROFLOXACIN TABS 500MG
66,4,CLOXACILLIN PDR F INJ 500 MG
67,4,CO-TRIMOXAZOLE  TABS 400 MG/80 MG
68,4,"CO-TRIMOXAZOLE SUSPENSION 200/40MG/5ML, 100MLS"
69,4,DOXYCYCLINE CAPSULES 100 MG
70,4,ERYTHROMYCIN  GRANULES  125 MG/5 ML
71,4,ERYTHROMYCIN TABS 250 MG
72,4,FRAMYCETIN+DEXAMETASONE+GRAMICIDIN EYE DROPS  0.5%+0.05%+0.005%
73,4,GENTAMYCIN 2ML INJ 10MG/ML
74,4,GENTAMYCIN 2ML INJ 40MG/ML
75,4,NITROFURANTOIN  TABS 100 MG
76,4,"OXYTETRACYCLINE EYE OINTMENT,5GM"
77,4,OXYTETRACYCLINE+HYDROCORTISONE   EYE/EAR   
78,4,"PHENOXYMETHYL PENICILLIN GRANULES 125MG/5ML,100MLS"
79,4,PHENOXYMETHYL PENICILLIN TABS 250 MG
80,4,PROCAINE PENICILLIN FORTIFIED PDR F INJ 4 MU
81,4,MEROPENEM TRIHYDRATE 1GM 
82,4,CEFTRIAXONE 1G + SALBACTAM 0.5G 
83,4,AMOXICILLIN DISPERSIBLE KID TABLETS 125MG
84,4,AMPICILLIN + CLOXACILIN POWDER FOR INJ. 500 MG
85,4,AMPICILLIN 250mg + CLOXACILIN 250 mg capsules
86,4,"HEPARIN INJ 1000IU/ML, 5ML"
87,4,PHYTOMENADIONE (VITAMIN K1) INJECTION
88,4,WARFARIN TABS 5MG
89,4,CHLORPROPAMIDE TABS 250 MG
90,4,GLIBENCLAMIDE 5MG TABLETS
91,4,GLIPIZIDE 5MG TABLETS
92,4,INSULIN HUMAN INJECTION 100IU (SOLUBLE)
93,4,INSULIN HUMAN ZINC SUSPENSION INJECTION 100IU (LENTE)
94,4,METFORMIN 500MG TABLETS
95,4,ATROPINE 1ML INJ 1MG/ML
96,4,BENZOIC ACID COMPOUND (WHITFIELD) OINTMENT  6%+3%
97,4,"CLOTRIMAZOLE CREAM/OINTMENT 1%,20GM"
98,4,CLOTRIMAZOLE PESSARY WITH APPLICATOR PESSARY 100 MG
99,4,FLUCONAZOLE 150MG TABS
100,4,GRISEOFULVIN  TABS 500 MG
101,4,KETOCONAZOLE TABS 200 MG
102,4,"MICONAZOLE CREAM 2%, 20GM"
103,4,"MICONAZOLE ORAL GEL, 20GM"
104,4,MICONAZOLE VAGINAL PESSARIES 100000 IU
105,4,NYSTATIN  SUSP 100000 IU/ML
106,4,NYSTATIN  WITH APPLICATOR PESSARY 100000 IU
107,4,ALLOPURINOL TABS 100 MG
108,4,ANT-HAEMORRHOID SUPPOSITORIES
109,4,ANTI-HAEMORRHOIDS SUPPOSITORIES 
110,4,BRINERDIN
111,4,CAPTOPRIL 25 MG TABLETS
112,4,DIGOXIN 2ML INJ 0.25MG/ML
113,4,DIGOXIN TABS 0.25 MG
114,4,HYDRALAZINE  TABS 25 MG
115,4,HYDRALAZINE 1ML PDR F INJ 20MG/ML
116,4,METHYLDOPA  TABS 250 MG
117,4,ATOVASTATIN 20MG TABS
118,4,LOSARTAN 50MG TABS
119,4,SIMVASTATIN 20MG TABS
120,4,QUININE 2ML INJ 300MG/ML
121,4,ARTESUNATE 60MG POWDER FOR INJECTION
122,4,SULPHADOXINE+PYRIMETHAMINE 500MG/25MG
123,4,QUININE SULPHATE TABS 300MG
124,4,QUININE TABS 300 MG
125,4,CYCLOPHOSPHAMIDE PDR F INJ 1 G
126,4,CYCLOPHOSPHAMIDE PDR F INJ 200 MG
127,4,BENZHEXOL(ARTANE) TABS 5MG
128,4,"BENZYLBENZOATE 25% EMULSION , 100ML"
129,4,CALAMINE LOTION 100MLS
130,4,ACETYLSALICYLIC ACID (ASPIRIN)  TABS 300MG
131,4,DICLOFENAC SODIUM INJ 25 MG
132,4,DICLOFENAC TABS 50 MG
133,4,"PARACETAMOL SYRUP 120MG/5MLS,100MLS"
134,4,"Diclofenac Gel 30g, 1% w/w"
135,4,PARACETAMOL TABS 500 MG
136,4,TRAMADOL 50MG CAPSULES
137,4,"TRAMADOL INJECTION 50MG/ML, 2ML"
138,4,PRAZIQUANTEL TABS 600 MG
139,4,CHLORHEXIDINE + CETRIMIDE (SAVLON) LIQUID  1.5% + 15%
140,4,CHLOROXYLENOL (DETTOL) LIQUID 5%
141,4,CRESOL SAPONATED (LYSOL) LIQUID 50%
142,4,ETHANOL 68.229%+ISOPROPANOL 5%+BUTANDAIOL 0.115%-(SEPTOCIDE R-PLUS)
143,4,FORMALDEHYDE LIQUID  36-37%
144,4,GLUTARALDEHYDE 2% SOLUTION
145,4,GUANIDINE 4%+DODECYLAMINE 10% (TRIACIDE)
146,4,HYPOCHLORITE SALT(SODIUM HYPOCHLORITE SALT)    
147,4,METHYLATED SPIRIT LIQUID 70%
148,4,POVIDONE IODINE LIQUID 10%
149,4,RECTIFIED SPIRIT (ETHANOL 90%) LIQUID
150,4,SODIUM DICHLOROISOCYANURATE
151,4,Sodium Dichloroisocyanuric Acid (99.7%)-Chlorocide
152,4,WASHING SOAP BAR
153,4,POLYHEXAMETHLENE BIGUANIDE (POLYHEXANIDE)
154,4,Silver Sulphadiazine cream 20g 1%w/w
155,4,"AMPUCARE TOPICAL OIL, 50ML"
156,4,HYOSCINE-N-BUTYLBROMIDE  TABS 10 MG
157,4,BENDROFLUAZIDE TABS 5 MG
158,4,FRUSEMIDE  TABS 40 MG
159,4,FRUSEMIDE 2ML INJ 10MG/ML
160,4,FERROUS SULPHATE + FOLIC ACID TABS 200+0.25 MG
161,4,FOLIC ACID  TABS 5 MG
162,4,IRON DEXTRAN 5ML INJ 50MG/ML
163,4,DEXTROSE 50% INTRAVENEOUS
164,4,"DEXTROSE INJECTION 10%,500ML"
165,4,"DEXTROSE INJECTION 5%,1000MLS"
166,4,"DEXTROSE INJECTION 5%,500ML"
167,4,MANNITOL  INJ 20%
168,4,POTASSIUM CHLORIDE INJECTION   7.45%
169,4,POTASSIUM CHLORIDE SLOW RELEASE TABS 600 MG
170,4,"SODIUM CHLORIDE + DEXTROSE INJECTION ISOTONIC,1000MLS"
171,4,"SODIUM CHLORIDE + DEXTROSE INJECTION ISOTONIC,500MLS"
172,4,"SODIUM CHLORIDE INJECTION 0.9% FOR IV,500ML"
173,4,"SODIUM CHLORIDE INJECTION 0.9%,1000MLS"
174,4,"SODIUM LACTATE COMP (HARTMANN'S)
INJECTION, 1000MLS"
175,4,"SODIUM LACTATE COMPOUND (HARTMANN'S),500MLS"
176,4,WATER FOR INJECTION 10ML
177,4,PILOCARPINE  EYE DROPS
178,4,NEOMYCIN 0.5% + DEXAMETHASONE 0.5% EYE/EAR DROPS 10 ML
179,4,NEOMYCIN/POLYMYXIN/DEXAMETHASONE OPTHLAMIC DROPS 5ML
180,4,NEOSTIGMINE 1ML INJ 2.5MG/ML
181,4,PANCURONIUM BROMIDE 2MG/ML- 2ML INJECTION
182,4,SUXAMETHONIUM CHLORIDE 2ML INJ 50MG/ML
183,4,MORPHINE INJECTION 10MG/ML
184,4,NALOXONE INJ 0.4 MG/ML. 1 MILILLITRE
185,4,"PETHIDINE INJ 50MG/ML, 1ML"
186,4,PETHIDINE INJECTION 100MG/2ML
187,4,ERGOMETRINE 1ML INJ 0.5MG/ML
188,4,MISOPROSTOL 200MCG
189,4,OXYTOCIN 1ML INJ 5IU/ML
190,4,AMITRYPTILINE TABS 25 MG
191,4,CHLORPROMAZINE  TABS 100 MG
192,4,CHLORPROMAZINE  TABS 25 MG
193,4,CHLORPROMAZINE 2ML INJ 25MG/ML
194,4,FLUPHENAZINE DECANOATE INJ 25 MG
195,4,HALOPERIDOL 1ML INJ 5MG/ML
196,4,HALOPERIDOL TABS 1.5 MG
197,4,TRIFLUOPERAZINE TABLETS 5MG
198,4,ANTI-TOXIN TETANUS SERUM (ATS) INJ 1500 IU/1ML 
199,4,SNAKE VENOM ANTISERUM CENTRAL AFRICAN TYP INJ  
200,4,RABIES VACCINE USP(potency of rabies antigen < 2.5 IU/dose)
201,4,BETAMETHASONE CREAM 0.1% 15GM
202,4,DEXAMETHASONE INJ 4 MG/ML
203,4,"HYDROCORTISONE  CREAM 1%, 15 GM"
204,4,HYDROCORTISONE  POWDER FOR INJECTION. 100 MG
205,4,PREDNISOLONE TABS 5 MG
206,4,BISACODYL TABS 5 MG
207,4,CARBIMAZOLE TABS 5 MG
208,4,HEPATITIS B VACCINES INJ. SINGLE DOSE
209,4,MENINGITIS VACCINE 10DOSES
210,4,YELLOW FEVER VACCINE INJ 10 DOSES
211,4,ASCORBIC ACID TABS 100 MG
212,4,CALCIUM GLUCONATE 10ML INJ 100MG/ML
213,4,SODIUM BICARBONATE 20ML INJ
214,4,"VITAMIN A CAPSULES 200,000 IU"
215,4,"VITAMIN A CAPSULESULE  100,000I.U"
216,4,VITAMIN B COMPLEX 100ML SYRUP
217,4,VITAMIN B COMPLEX 2ML INJ
218,4,NEUROBION
219,4,OSTEOMIN TAB
220,4,NEUROSUPPORT
221,4,CALMAG + ZINC
222,4,VITAMIN B COMPLEX TABS
223,4,ORAL REHYDRATION SALTS (ORS) FOR 1 LITRE POWDER
224,4,LOPERAMIDE 2MG
225,4,ZINC SULPHATE 20MG TABS
226,4,
227,4,
228,4,BONE WAX 2.5 GRAMS
229,4,"CATGUT CHROMIC  0, 75CM, 1/2CIRCLE, ROUND BODY 40MM"
230,4,"CATGUT CHROMIC  0, 75CM, 1/2CIRCLE, ROUND BODY TAPER,30MM"
231,4,"CATGUT CHROMIC  1, 75CM, 1/2 CIRCLE, ROUND BODY HEAVY 50MM"
232,4,"CATGUT CHROMIC  1, 75CM, 3/8 CIRCLE,  ROUND BODY 45MM"
233,4,"CATGUT CHROMIC  1, 75CM, 3/8 CIRCLE, BLUNT ROUND BODY 63MM"
234,4,"CATGUT CHROMIC  2, 75CM, 1/2 CIRCLE,  ROUND BODY,45MM"
235,4,"CATGUT CHROMIC  2, 75CM, 1/2 CIRCLE, HVY TAPERCUT 35MM"
236,4,"CATGUT CHROMIC  2, 75CM, 1/2 CIRCLE, ROUND BODY TAPER,  50MM"
237,4,"CATGUT CHROMIC  2/0, 75CM, 1/2 CIRCLE, CUTTING 25MM"
238,4,"CATGUT CHROMIC  2/0, 75CM, 1/2 CIRCLE, ROUND BODY 30MM"
239,4,"CATGUT CHROMIC  2/0, 75CM, 1/2 CIRCLE, ROUND BODY 40MM"
240,4,"CATGUT CHROMIC  2/0, 76CM ON 30MM 1/2 CIRCLE ROUND BODIED NEEDLE"
241,4,"CATGUT CHROMIC 0, 75CM, 1/2 CIRCLE, ROUND BODIED 37MM"
242,4,"CATGUT CHROMIC 1, 75CM, 1/2 CIRCLE, ROUND BODY HEAVY 45MM"
243,4,"CATGUT CHROMIC 2/0, 75CM,1/2CIRCLE, ROUND BODY,TAPER - CUT, 60MM"
244,4,"CATGUT CHROMIC 3/0, 75CM, 1/2CIRCLE, ROUND BODY, 20MM"
245,4,"COATED POLYGLYCOLIC ACID  0, 75CM, 1/2 CIRCLE,  ROUND BODIED,  TAPER POINT PLUS 31MM"
246,4,"COATED POLYGLYCOLIC ACID  1, 75CM, 1/2 CIRCLE, ROUND BODIED,TAPER POINT, 30MM"
247,4,"COATED POLYGLYCOLIC ACID 2, 75CM, 1/2 CIRCLE,  ROUND BODY, TAPER PONT, 50MM"
248,4,"COATED POLYGLYCOLIC ACID 2/0, 70CM,1/2 CIRCLE, ROUND BODY FINE, 26MM"
249,4,"COATED POLYGLYCOLIC ACID 2/0, 70CM,1/2CIRCLE, ROUND BODY, TAPER, 26MM"
250,4,"COATED POLYGLYCOLIC ACID 3/0, 75CM, 1/2CIRCLE, ROUND BODY TAPER POINT PLUS,  26MM"
251,4,"COATED POLYGLYCOLIC ACID 4-0 SIZE, 75CM LENGTH,1/2 CIRCLE, ROUND BODY TAPER POINT, 26MM"
252,4,"COATED POLYGLYCOLIC ACID SUTURE, 5-0 SIZE, 75CM LENGTH,1/2 CIRCLE, ROUND BODY TAPER POINT, 26MM"
253,4,"COATED VICRYL  2/0, 75CM, 1/2 CIRCLE, ROUND BODIED TAPER, 26MM"
254,4,"MONOFILAM POLYAM  2/0, 70CM, 3/8 CIRCLE, REVERSE CUTTING 45MM"
255,4,"MONOFILAM POLYPROPYLENE 0,1M, 1/2 CIRCLE, TAPER-CUT 35MM"
256,4,"MONOFILAM POLYPROPYLENE 1,1M, 1/2 CIRCLE, HEAVY TROCAR POINT 30MM"
257,4,"MONOFILAM POLYPROPYLENE 10/0,30CM, 3/9 CIRCLE, MICRO POINT SPATULA 6.5MM"
258,4,"MONOFILAM POLYPROPYLENE 3/0, 45CM,  3/8 CIRCLE, REVERSE CUTTING, 26MM"
259,4,"MONOFILAM POLYPROPYLENE 4/0,75CM, 3/8 CIRCLE, REVERSE CUTTING 19MM"
260,4,"MONOFILAM POLYPROPYLENE 5/0,75CM, 3/8 CIRCLE, REVERSE CUTTING 19MM"
261,4,"MONOFILAM POLYPROPYLENE 6/0,75CM, 3/8 CIRCLE, REVERSE CUTTING 13MM"
262,4,"MONOFILAM POLYPROPYLENE 7/0,75CM, 3/8 CIRCLE, TAPER POINT 13MM"
263,4,"MONOFILAM POLYPROPYLENE 8/0,75CM, 3/8 CIRCLE, TAPER POINT 8MM"
264,4,"MONOFILAM POLYPROPYLENE 9/0,75CM, 3/8 CIRCLE, MICRO POINT SPATULA 6.5MM"
265,4,"POLYDIOXANONE, MONOFILAMENT 0, 70CM,1/2 CIRCLE, TAPER POINT PLUS 26MM"
266,4,"POLYDIOXANONE, MONOFILAMENT 1, 70CM,1/2 CIRCLE, TAPER POINT PLUS 31MM"
267,4,"POLYDIOXANONE, MONOFILAMENT 2/0, 70CM,1/2 CIRCLE, TAPER POINT PLUS 26MM"
268,4,"POLYDIOXANONE, MONOFILAMENT 3/0, 70CM,1/2 CIRCLE, TAPER POINT PLUS 26MM"
269,4,"SILK BRAIDED  0, 75CM, 3/8 CIRCLE, REVERSE - CUTTING 45MM"
270,4,"SILK BRAIDED 2/0, 75CM, 1/2 CIRCLE ROUND BODY, 25MM"
271,4,"SILK BRAIDED 2/0, 75CM, 3/8CIRCLE, CUTTING 16MM"
272,4,"SILK BRAIDED 3/0, 75CM, 1/2 CIRCLE ROUND BODY 20MM"
273,4,"SILK BRAIDED 3/0,75CM, 3/8CIRCLE, ROUND BODY, 20MM"
274,4,UMBILICAL COTTON TAPE   3MM; 50M ROLL
275,4,GLOVES EXAMINATION LATEX NON-STERILE DISPOSABLE LARGE
276,4,GLOVES EXAMINATION LATEX NON-STERILE DISPOSABLE MEDIUM
277,4,GLOVES GYNAECOLOGICAL DISPOSABLE (LARGE) SIZE 8
278,4,GLOVES GYNAECOLOGICAL DISPOSABLE (MEDIUM) SIZE 7.5
279,4,GLOVES GYNAECOLOGICAL DISPOSABLE (SMALL) SIZE 7
280,4,GLOVES SURGICAL LATEX RUBBER STERILE  SIZE 7
281,4,GLOVES SURGICAL LATEX RUBBER STERILE  SIZE 7.5
282,4,GLOVES SURGICAL LATEX RUBBER STERILE  SIZE 8
283,4,ORTHOPEDIC SURGICAL GLOVES SIZE 7 (SMALL)
284,4,ORTHOPEDIC SURGICAL GLOVES SIZE 7.5 (MEDIUM)
285,4,ORTHOPEDIC SURGICAL GLOVES SIZE 8 (LARGE)
286,4,BLOOD GIVING SET
287,4,"EPIDURAL SET WITH NEEDLE 16G, STERILE, DISPOSABLE"
288,4,I.V. CANULA 14 G
289,4,I.V. CANULA 16 G
290,4,I.V. CANULA 18 G
291,4,I.V. CANULA 20 G
292,4,I.V. CANULA 22 G
293,4,I.V. CANULA 24 G
294,4,I.V. GIVING SET
295,4,I.V. GIVING SET FOR PAEDIATRIC - MEASURED VOLUME(BURRETTE)
296,4,SCALP VEIN SET 23 G
297,4,"SPINAL NEEDLES, DISPOSABLE, 18G"
298,4,"SPINAL NEEDLES, DISPOSABLE, 19G"
299,4,"SPINAL NEEDLES, DISPOSABLE, 20G"
300,4,"SPINAL NEEDLES, DISPOSABLE, 22G"
301,4,"SPINAL NEEDLES, DISPOSABLE, 23G"
302,4,"SPINAL NEEDLES, DISPOSABLE, 25G"
303,4,SYRINGE AUTO DISABLE 10 ML
304,4,SYRINGE AUTO DISABLE 5 ML
305,4,SYRINGE AUTO DISABLE 2ML
306,4,SYRINGE DISPOSABLE WITH NEEDLE 10CC
307,4,SYRINGE DISPOSABLE WITH NEEDLE 2CC
308,4,SYRINGE DISPOSALE INSULIN 1CC WITH NEEDLE 100IU
309,4,SYRINGE DISPOSALE WITH NEEDLE 5CC
310,4,"SYRINGE FEEDING, DISPOSABLE 50CC"
311,4,AIRWAY GUEDEL RUBBER CHILD SIZE 67 MM
312,4,AIRWAY GUEDEL RUBBER INFANT SIZE 54 MM
313,4,AIRWAY GUEDEL RUBBER SMALL ADULT SIZE 82 MM
314,4,"ENDOTRACHEAL TUBE DISPOSABLE, SIZE 2"
315,4,"ENDOTRACHEAL TUBE DISPOSABLE, SIZE 2.5"
316,4,"ENDOTRACHEAL TUBE DISPOSABLE, SIZE 3"
317,4,"ENDOTRACHEAL TUBE DISPOSABLE, SIZE 3.5"
318,4,"ENDOTRACHEAL TUBE DISPOSABLE, SIZE 4"
319,4,"ENDOTRACHEAL TUBE DISPOSABLE, SIZE 4.5"
320,4,"ENDOTRACHEAL TUBE DISPOSABLE, SIZE 5"
321,4,"ENDOTRACHEAL TUBE DISPOSABLE, SIZE 5.5"
322,4,"ENDOTRACHEAL TUBE DISPOSABLE, SIZE 6"
323,4,"ENDOTRACHEAL TUBE DISPOSABLE, SIZE 6.5"
324,4,"ENDOTRACHEAL TUBE DISPOSABLE, SIZE 7"
325,4,"ENDOTRACHEAL TUBE DISPOSABLE, SIZE 7.5"
326,4,"ENDOTRACHEAL TUBE DISPOSABLE, SIZE 8"
327,4,"ENDOTRACHEAL TUBE DISPOSABLE, SIZE 8.5"
328,4,FOLEY BALLOON CATHETER 30CC 14F- STERILE- TWO WAYS
329,4,FOLEY BALLOON CATHETER 30CC 16F- STERILE- TWO WAYS
330,4,FOLEY BALLOON CATHETER 30CC 18F- STERILE- TWO WAYS
331,4,FOLEY BALLOON CATHETER 30CC 20F- STERILE- TWO WAYS
332,4,FOLEY BALLOON CATHETER 30CC 22F- STERILE- TWO WAYS
333,4,"FOLLEY BALOON CATHETER  30CC, 26FR, STERILE,THREE WAYS (FOR IRRIGATION)"
334,4,FOLLEY BALOON CATHETER THREE WAYS SIZE 16FR
335,4,FOLLEY BALOON CATHETER THREE WAYS SIZE 18FR
336,4,FOLLEY BALOON CATHETER THREE WAYS SIZE 20FR
337,4,FOLLEY BALOON CATHETER THREE WAYS SIZE 22FR
338,4,FOLLEY BALOON CATHETER THREE WAYS SIZE 24FR
339,4,FOLLEY BALOON CATHETER TWO WAY SIZE 10FR
340,4,FOLLEY BALOON CATHETER TWO WAY SIZE 12FR
341,4,FOLLEY BALOON CATHETER TWO WAY SIZE 6FR
342,4,FOLLEY BALOON CATHETER TWO WAY SIZE 8FR
343,4,NEONATE FEEDING TUBE 3.5 FG
344,4,SUCTION CATHETER/TUBE 3.5FG 40CM DISPOSABLE
345,4,SUCTION CATHETER/TUBE 4FG 40CM DISPOSABLE
346,4,"SUCTION CATHETER/TUBE,STERILE,DISPOSABLE SIZE 10FG"
347,4,"SUCTION CATHETER/TUBE,STERILE,DISPOSABLE SIZE 12FG"
348,4,"SUCTION CATHETER/TUBE,STERILE,DISPOSABLE SIZE 14FG"
349,4,"SUCTION CATHETER/TUBE,STERILE,DISPOSABLE SIZE 6FG"
350,4,"SUCTION CATHETER/TUBE,STERILE,DISPOSABLE SIZE 8FG"
351,4,"SUCTION TUBE YANKAUER , WITH NOZZLE, DISPOSABLE."
352,4,TUBE FEEDING 10FG
353,4,TUBE FEEDING CH8 
354,4,TUBE NASAL FEEDING (INFANT) CH5
355,4,TUBE NASAL FEEDING ADULT CH14
356,4,TUBE SUCTION YANKAUER 270MM/10 3/4''
357,4,BANDAGE CREPE 15CM X 4.5 M
358,4,BANDAGE CREPE 7.5 CM X 4 M
359,4,BANDAGE ELASTIC ADHESIVE 4CM X 4M
360,4,BANDAGE ELASTIC ADHESIVE 7.5 CM X 4.5 M
361,4,BANDAGE HOSPITAL QUALITY SIZE 10 CM X 4 M
362,4,BANDAGE HOSPITAL QUALITY SIZE 12.5 CM X 4 M
363,4,BANDAGE HOSPITAL QUALITY SIZE 15 CM X 4 M
364,4,BANDAGE HOSPITAL QUALITY SIZE 5 CM X 4 M
365,4,BANDAGE HOSPITAL QUALITY SIZE 7.5 CM X 4 M
366,4,BANDAGE PLASTER OF PARIS BPC 15 CM X 2.7 M
367,4,BANDAGE PLASTER OF PARIS BPC 7.5 CM X 2.7 M
368,4,COTTON WOOL ABSORBENT 500 G
369,4,GAUZE ABSORBENT BPC 90 CM X 100 M
370,4,MATERNITY PADS
371,4,PARAFIN GAUZE DRESSING 10CM X 10CM
372,4,PARAFIN GAUZE DRESSING 10CM X 30CM WITH ANTIBACTERIAL
373,4,PLASTER ZINC OXIDE 2.5CMX5M
374,4,PLASTER ZINC OXIDE 5CMX5M
375,4,PLASTER ZINC OXIDE 7.5CM X 5M    
376,4,TAPE PLASTIC ADHESIVE MICROPERFORATED 2.5 CM X 5 M
377,4,TAPE PLASTIC ADHESIVE MICROPERFORATED 5 CM X 5M
378,4,"ADULT DIAPER, LARGE"
379,4,"ADULT DIAPER, MEDIUM"
380,4,"ADULT DIAPERS, EXTRA LARGE"
381,4,CHILDREN DIAPERS MEDIUM
382,4,BED LABOUR AND DELIVERY THREE SECTIONS WITH MATRESS; CHROME PLATED STEEL TUBES (1800 (L) X 770 (W) X 800 (H) MM
383,4,DRESSING TROLLEY
384,4,BED SIDE LOCKER (METAL)
385,4,BED HOSPITAL
386,4,BED LABOUR AND DELIVERY WITH TWO-PIECE MATTRESS
387,4,"HOSPITAL BED TWO SECTIONS WITH CASTORS, COLLAPSIBLE SIDE RAILS, DRIP STAND AND TRAPEZIUM"
388,4,"HOSPITAL BED FOUR SECTIONS WITH CASTORS, COLLAPSIBLE SIDE RAILS, DRIP STAND AND TRAPEZIUM"
389,4,BED SIDE LOCKER (WOODEN)
390,4,DRIP STAND DOUBLE-HOOK ADJ TO 2.5 M HEIGHT
391,4,EMERGENCY/RECOVERY STRETCHER
392,4,HOT AIR STERILIZER 20 LITRE CAPACITY SS
393,4,OXYGEN CONCETRATOR DUAL MODEL 2FLOW METERS 6LPM
394,4,PATIENT TROLLEY (STRETCHER TROLLEY)
395,4,PORTABLE PRESSURE AUTOCLAVE 20 LITRES   WITH STAND AND  KEROSENE STOVE (NON ELECTRICAL)
396,4,SCALE ADULT METRIC 140 KG X 100 G; STANDING TYPE
397,4,SCALE INFANT CLINIC METRIC 15.5 KG X 5 G
398,4,SCREEN FOULDING WITH CURTAINS
399,4,STOVE KEROSENE 4-BURNER ROARER PRESSURE    
400,4,STRETCHER FOLDING TYPE    
401,4,SUCTION PUMP ELECTRIC   1000 CAP.
402,4,SUCTION PUMP FOOT/HAND OPERATED  600ML (TWIN)
403,4,"SUCTION PUMP HEAVY DUTY,ELECTRIC CAPACITY 6 LITRES."
404,4,"SUCTION PUMP PORTABLE,ELECTRIC CAPACITY 2 LITRES."
405,4,TABLE EXAMINATION 2-SECTION WITH PAD    
406,4,TROLLEY DRESSING/DISPENSING(WARD USE)
407,4,VERTICAL STEAM AUTOCLAVE  40X60-220V   CAP 85 LITRES
408,4,WHEELCHAIR INVALID FOLDING ADULT
409,4,ADSONS DISSECTING FORCEPS 12.5 CM    
410,4,FORCEPS ALLIS AMERICAN PATTERN 15 CM    
411,4,FORCEPS ARTERY HALSTEAD MOSQUITO CURVED 17.5CM
412,4,FORCEPS ARTERY KOCHER TOOTHED CURVED 12.5 CM    
413,4,FORCEPS ARTERY KOCHER TOOTHED STR. 12.5CM    
414,4,FORCEPS ARTERY PEAN 18 CM- CURVED    
415,4,FORCEPS BONNEY NON TOOTHED 12.5 CM    
416,4,FORCEPS BONNEY NON TOOTHED 17.5 CM    
417,4,FORCEPS DISECTING  LANE 17.5 CM
418,4,FORCEPS DISECTING LANES 12.5 CM    
419,4,FORCEPS DISSECTING BONNEY TOOTHED 17.5 CM    
420,4,FORCEPS GREEN ARMITAGE STR 17.5 CM    
421,4,FORCEPS HALSTEAD MOSQUITO CURVED 12.5 CM    
422,4,FORCEPS HALSTEAD MOSQUITO STRAIGHT 12.5 CM    
423,4,FORCEPS KOCHER TOOTHED STRAIGHT 17.5CM    
424,4,FORCEPS LISTER SINUS 17.5CM    
425,4,FORCEPS MOYNIHAM HYSTERECTOMY CURVED 23CM
426,4,FORCEPS SPENCER WELLS CURVED 12.5 CM    
427,4,FORCEPS SPENCER WELLS CURVED 17.5 CM    
428,4,FORCEPS SPENCER WELLS STRAIGHT 12.5 CM    
429,4,FORCEPS SPENCER WELLS STRAIGHT 17.5 CM    
430,4,FORCEPS SPONGE HOLDING STRAIGHT 20 CM
431,4,FORCEPS STERILIZER BOWL 25 CM
432,4,FORCEPS TISSUE LITTLEWOODS 19CM    
433,4,HANDLE FOR SCALPEL BLADES SIZE 3 FOR BLADES SIZE 8-15    
434,4,HANDLE FOR SCALPEL BLADES SIZE 4 FOR BLADES SIZE 20-25    
435,4,LARYNGOSCOPE COMPLETE FOR ADULTS
436,4,LARYNGOSCOPE COMPLETE FOR BABY
437,4,NEEDLE HOLDERS MAYO'S 15 CM    
438,4,PLASTER SHEAR    
439,4,PROTOSCOPE GABRIEL SET
440,4,SCALPEL BLADE SIZE 10
441,4,SCALPEL BLADE SIZE 11
442,4,SCALPEL BLADE SIZE 12
443,4,SCALPEL BLADE SIZE 15
444,4,SCALPEL BLADE SIZE 20
445,4,SCALPEL BLADE SIZE 21
446,4,SCALPEL BLADE SIZE 22
447,4,SCALPEL BLADE SIZE 23
448,4,SCALPEL BLADE SIZE 24
449,4,SCISSOR DISSECTING MAYO'S  21.5 CM
450,4,SCISSOR DISSECTING SS BLUNT/SHARP POINT 15 CM STRAIGHT    
451,4,SCISSOR DISSECTING SS CURVED ON FRONT 12.5 CM BLUNT    
452,4,SCISSOR DISSECTING SS CURVED ON FRONT 17.5 CM BLUNT    
453,4,SCISSOR DISSECTING SS SHARP POINT STRAIGHT 12.5 CM    
454,4,SCISSOR DISSECTING SS SHARP POINT STRAIGHT 17.5 CM    
455,4,SCISSOR DISSECTING SS STRAIGHT 12.5 CM BLUNT
456,4,SCISSOR DISSECTING SS STRAIGHT 17.5 CM BLUNT    
457,4,SCISSOR DRESSING OPEN SHANKS STRAIGHT SS 17.5 CM
458,4,"SCISSOR EPISIOTOMY 6"""
459,4,SCISSOR MCINDOES STRAIGHT SS 21.5 CM    
460,4,SCISSOR SUTURE CUTTING FERGUSON SS 17.5 CM    
461,4,SPECULUM VAGINAL CUSCO LARGE
462,4,SPECULUM VAGINAL CUSCO MEDIUM
463,4,SPECULUM VAGINAL CUSCO SMALL
464,4,SPECULUM VAGINAL SIMS
465,4,SPHYGMOMANOMETER ANEROID
466,4,STITCH REMOVAL SCISSOR
467,4,UTERINE DILATORS HEGAR (DIFFERENT SIZE)
468,4,DELIVERY KIT - ( MIDWIFE KIT )
469,4,CAESARIAN SECTION SET
470,4,CAESARIAN SECTION SET - SUPERIOR QUALITY WITH SELF STERILIZATION TRAY
471,4,DELIVERY KIT - SUPERIOR QUALITY WITH SELF STERILIZATION TRAY
472,4,DILATATION & CURETTAGE  KIT - SUPERIOR QUALITY WITH SELF STERILIZATION TRAY
473,4,DILATION & CURETTAGE KIT
474,4,LAPARATOMY  SET - SUPERIOR QUALITY WITH SELF STERILIZATION TRAY
475,4,LAPARATOMY SET
476,4,MANNUAL VACUUM ASPIRATION KIT(MVA KIT)
477,4,SKIN TRACTION KIT ADULT
478,4,TRACHEOTOMY SET COMPLETE    
479,4,APRON THEATRE PLAST 115 X 90
480,4,BEDSHEET COTTON 270 X 150 CM
481,4,BLANKET FOR HOSPITAL USE-GREY IN COLOUR 153X203CM
482,4,CLOTH COTTON 100% GREEN FOR THEATRE USE
483,4,CLOTH COTTON/VISC NAVY BLUE (TUTOR)
484,4,CLOTH COTTON/VISC SKY BLUE (PUSH)
485,4,CLOTH COTTON/VISC WHITE (NURSE)
486,4,CLOTHING MATERIAL LIGHT GREEN (HEALTH ATTENDANTS)
487,4,MATTRESS FOAM 195 X 90 X 10 CM (WITH PVC WATER PROOF COVER)
488,4,MATTRESS FOAM 200 X 95 X 12 CM (WITH PVC WATER PROOF COVER)
489,4,MOSQUITO NET SIZE 1050X220X56CM WHITE COLOUR ROUND WITH SELF TREATMENT INSECTISIDE
490,4,SHEETING RUBBER MACINTOSH
491,4,THEATRE BOOT SIZE 12
492,4,THEATRE BOOTS SZ.10
493,4,THEATRE BOOTS SZ.7
494,4,THEATRE BOOTS SZ.8
495,4,THEATRE BOOTS SZ.9
496,4, PAIL WITH LID 15ML
497,4,BED PAN SS
498,4,DRUM DRESSING DEEP 34.5 CM X 23.5 CM    
499,4,DRUM DRESSING MEDIUM 24CM X 24CM
500,4,DRUM DRESSING SHALLOW 34.5 CM X 12 CM
501,4,DRUM DRESSING SMALL 16.5CM X 16.5CM
502,4,EXAMINATION LAMP LIGHT    
503,4,GALLI POT  100 ML SS
504,4,INSTRUMENT TRAYS - LARGE SIZE
505,4,INSTRUMENTS TRAYS MEDIUM\
506,4,JAR FORCEPS 13 X 25 CM SS
507,4,KIDNEY DISH  20 CM (SMALL)
508,4,KIDNEY DISH  25 CM (LARGE)
509,4,SPUTUM MUG WITH COVER
510,4,TAPE AUTOCLAVE (INDICATOR)
511,4,URINAL MALE WITH HANDLE STAINLESS STEEL
512,4,ANTE-NATAL CARDS (MCH CARD NO.4)
513,4,BALL POINT PEN
514,4,BIN CARDS
515,4,DAILY DISPENSING REGISTER
516,4,DISPENSING ENVELOPS
517,4,FORM 2A: TAARIFA YA MAOMBI (R & R)
518,4,FORM 2C: FOMU TUPU YA TAARIFA YA MAOMBI (R & R)
519,4,INJECTION REGISTER
520,4,LOCAL STORES&REQUISITION ISSUE
521,4,MCH GROWING CHARTS
522,4,OPD CARDS
523,4,PATIENT REGISTER
524,4,PRESCRIPTION FORM A5
525,4,REJESTA NAMBA 1: LEJA YA MALI
526,4,COLOSTOMY BAG 160 X 260MM (COLOPLAST NO.3)
527,4,URINE COLLECTION BAG FOR ADULTS 2000 CC
528,4,CLINICAL THERMOMETER
529,4,NEONATAL RESUSCITATOR BAG WITH MASKS
530,4,RESUSCITATOR BAG WITH MASK (ADULT)
531,4,RESUSCITATOR BAG WITH MASK (CHILD)
532,4,SPHYGMOMANOMETER (BP MACHINE) GIANT MERCURY TYPE WALL MODEL
533,4,STETHOSCOPE BINAURAL
534,4,STETHOSCOPE FOETAL PINARD MONOAUREL    
535,4,VACCUM EXTRACTOR BIRD COMPLETE
536,4,"UMBILICAL CORD CLAMP, DISPOSABLE"
537,4,FILM X-RAY 24 CM X 18(GREEN SENSITIVE)
538,4,FILM X-RAY 30CM X 24CM (GREEN SENSITIVE)
539,4,FILM X-RAY 43CM X 35CM (GREEN SENSITIVE)
540,4,FILM X-RAY 43CM X18CM (GREEN SENSITIVE)
541,4,FILM X-RAY 35 CM X 35(GREEN SENSITIVE)
542,4,AUTOMATIC DEVELOPER
543,4,AUTOMATIC X-RAY FIXER
544,4,BARIUM SULPHATE 100 W/W FOR ESOPHAGUS 200GM
545,4,BARIUM SULPHATE 92% W/W FOR ENEMA DISPOSABLE KIT 400GM TOGETHER WITH AIR INSUFLATOR AND ONE SHOT INFLATOR
546,4,BARIUM SULPHATE 95% W/W FOR DOUBLE CONTRAST RADIOGRAPHY
547,4,CURIX 60 AUTOMATIC FILM PROCESSOR PARTS
548,4,ULTRA SOUND JELLY(WITH DISPENSER)
549,4,IOHEXOL (OMNIPAQUE)
550,4,"IOPAMIDOL(GASTROMIRO,IOPAMIRO)"
551,4,MICROBAR -RT-BARIUM SULPHATE I.P 90% W/W
552,4,X-RAY DEVELOPER FOR MANUAL PROCESS 
553,4,X-RAY FIXER FOR MANUAL PROCESS
554,4,X-RAY INTENSIFYING SCREENS 24CM X18CM(GREEN SENSITIVE)
555,4,"CASETTES FOR X-RAY FILMS 24CM X 18CM,MOUNTED WITH INTENSIFYING SCREEN GREEN SENSITIVE"
556,4,X-RAY INTENSIFYING SCREENS 30CM X 24CM(GREEN SENSITIVE)
557,4,X-RAY INTENSIFYING SCREENS 40CM X30CM(GREEN SENSITIVE)
558,4,"CASSETTES FOR X-RAY FILMS 40CM X30CM,MOUNTED WITH INTENSIFYING SCREEN GREEN SENSITIVE"
559,4,"CASSETTES FOR X-RAY FILMS 43CM X 18CM,MOUNTED WITH INTENSIFYING SCREEN GREEN SENSITIVE"
560,4,"CASSETTES X-RAY FILMS 43CM X35CM ,MOUNTED WITH INTENSIFYING SCREEN GREEN SENSITIVE"
561,4,"HANGER FOR X-RAY FILM 25.4 CM X 20.4 CM (10""X  8"")    "
562,4,ECHOCARDIOGRAPHY UNIT SYSTEM
563,4,X-RAYS VIEWER
564,4,LEAD APRON
565,4,ULTRASOUND MACHINE
566,4,HANGER FOR X-RAY FILM 24CM X18CM
567,4,"HANGER FOR X-RAY FILM 35.6 CM X 35.6 CM (14""""X14"""")    """
568,4,HANGER FOR X-RAY FILM 35CM X 35CM
569,4,ILLUMINATOR X-RAY DOUBLE
570,4,"HANGER FOR X-RAY FILM 38.1 CM X 30.5 CM (15""""X12"""")    """
571,4,X-RAYS VIEWER
572,4,HANGER FOR X-RAY FILM 43CM X 35CM
573,4,"CASSETTE FOR X-RAY FILM 25.4 CM X 20.4 CM (10""X  8"")    "
574,4,"CASSETTE FOR X-RAY FILM 30.5 CM X 25.4 CM (12""X10"")    "
575,4,"CASSETTE FOR X-RAY FILM 35.6 CM X 35.6 CM (14""X14"")    "
576,4,TRAY INSTRUMENT 25 CM X 20 CM X 5 CM SS
577,4,
578,4,
579,4,BLOOD LANCETS
580,4,MULT-SUMPLING STERILE NEEDLES (VACUTAINER NEEDLES) 21g X 1.5IN
581,4,VENOUS BLOOD COLLECTION TUBES FOR PLASMA 4.5MLS (WITH EDTA)
582,4,VENOUS BLOOD COLLECTION TUBES FOR SERUM 10ML (VACCUTAINER TUBES 10ML)
583,4,VENOUS BLOOD COLLECTION TUBES FOR SERUM 5MLS
584,4,STOOL SPECIMEN CONTAINER PLASTIC- DISPOSABLE
585,4,SALMONELLA H VI (CAPSULESULE ANTISERA)
586,4, AMOXYCILLIN+CLAVULLANIC ACID SENSITIVITY DISCS
587,4,SD BIOLINE SYPHILLIS TEST KITS
588,4,CARBON ANTIGEN (VDRL)
589,4,BACTEC MGIT 960 SUPPLEMENT KIT
590,4,KOVACS REAGENT FOR IDENTIFICATION OF GRAM NEGATIVE ORGANISM
591,4,BACTEC MGIT 960 PZA MEDIUM OF 25
592,4,IODINE
593,4,ESBACHES SOLUTION    
594,4,AURAMINE    
595,4,BACTEC MGIT 960 INH 4.0  KIT OF 20
596,4,SAPONIN
597,4,EHRLICH REAGENT
598,4,XYLENE  0.95
599,4,PHENOLPTHALENE
600,4,TRICHLOSSING SAURELD
601,4,BASIC FUSCHIN 25 MG
602,4,"BACTEC MGIT 960 PZA KIT OF 20,000UG WITH 15ML BOTTLE SUPPLEMENT"
603,4,BACTEC MGIT 960 STR 4.0  KIT OF 20
604,4,BACTEC MGIT 960 SUPPLEMENT KIT
605,4,AMIES TRANSPORT MEDIA  WITH CHARCOAL
606,4,ERSBACH SOLUTION
607,4,UREA AGAR BASE (CHRISTENSEN AGAR BASE )
608,4,CYSTINE LACTOSE ELECTROLYTE DEFICIENCY MEDIUM(CLED)
609,4,DNASE AGAR    
610,4,FLUID THIOGLYCOLLATTE MEDIUM (NUTRITIOUS BROTH FOR AEROBIC & ANAEROBIC BACTERIA)
611,4,GC AGAR BASE
612,4,HAEMOGLOBIN POWDER FOR USE WITH GC AGAR BASE    
613,4,KLIGLER IRON AGAR(KIA)    
614,4,MAC CONKEY AGAR WITHOUT CRYSTAL VIOLENT
615,4,MOTILITY INDOLE LYSINE TESTING MEDIUM     
616,4,NUTRIENT BROTH NO 02    
617,4,SABOURAD DEXTROSE AGAR (SDA)
618,4,SALMONELLA SHIGELLA AGAR (SSA)
619,4,BBL MIDDLEBROOK 7H9 BROTH
620,4,ISO-SENSITIVITY TEST AGAR
621,4,MULLER HINTON AGAR
622,4,STUART'S TRANSPORT MEDIA
623,4,KOVACK'S REAGENT FOR IDENTIFICATION OF GRAM NEGATIVE ORGANISM    
624,4,SULPHIDE-INDOLE-MOTILITY TESTING(SIM)
625,4,SUCCINIC ACID    
626,4,PETRI DISH WITH COVER-PYREX GLASS AUTOCLAVABLE 10MLS(60MM)
627,4,PETRI DISH WITH COVER-GIANT GLASS AUTOCLAVABLE 250ML
628,4,V.C.N.T FOR THAYER MARTIN MEDIUM KIT OF TEN
629,4,SUPPLIMENT B  (LYOPHILIZED) FOR USE WITH GC AGAR BASE    
630,4,PETRI DISH WITH COVER-PYREX GLASS AUTOCLAVABLE 15 MLS (75MM) CAPACITY FOR CULTURE
631,4, VCNT SUPPLEMENT FOR  GC AGAR BASE IN PREPARATION OF THAYER MARTIN MEDIUM
632,4,PETRI DISHES + COVER PYREX AUTOCLAVABLE 15 MLS (75MM)
633,4,"PETRI DISHES + COVER, DISPOSABLE 20MLS(85MM)"
634,4,PETRI DISHES+COVER DISPOSABLE 20MLS(85MM)
635,4,FUSCHIN BASIC BOTTLE OF 25GM
636,4,CRYSTAL VIOLET
637,4,IODINE ANALAR    
638,4,TOLUDINE BLUE
639,4,AMPICILLIN SENSITIVITY DISKS 10UG
640,4,PETRI DISH WITH COVER -PYREX GLASS AUTOCLAVABLE 10MLS (60MM)CAPACITY FOR CULTURE
641,4,AMPICILLIN SENSITIVITY DISKS(AMP30)UG    
642,4,AMPICLOX SENSITIVITY DISKS(AMPICILLIN25MICROGRAM+CLOXACILLIN)    
643,4,AUGUMENTIN SENSITIVITY DISKS (AMC30)
644,4,BACITRACIN 10 UNITS SENSITIVITY DISKS
645,4,BACTRACIN DISCS (BA 8) FOR THE IDENTIFICATION OF STREPTOCOCCUS PYOGENESIS
646,4,CHLORAMPHENICOL SENSITIVITY DISKS(10UG)    
647,4,CIPROFLAXIN SENSITIVITY DISCS
648,4,COTRIMOXAZOLE SENSITIVITY DISCS
649,4,ERTHROMYCIN 15UG SENSITIVITY DISKS
650,4,GENTAMYCIN SENSITIVITY DISCS 10MCG    
651,4,GENTAMYCIN SENSITIVITY DISKS(CN30)30UG    
652,4,KANAMYCINSENSITIVITY DISCS
653,4,METHICILLIN SENSITIVITY DISKS(MET 5)5MG    
654,4,NALIDIXIC ACID    SENSITIVITY DISCS
655,4,NOVOBIOCIN 5UG SENSITIVITY DISKS
656,4,OPTOCHIN SENSITIVITY DISCS
657,4,OXACILLIN 1UG SENSITIVITY DISKS
658,4,PHENOXYMETHYL PENICILLIN SENSITIVITY DISCS
659,4,MACROTITRE PLATES WITH U SHAPED WELLS-MIN 9 WELLS
660,4,"SALMONELLA O FACTOR 3,10,15,19"
661,4,SALMONELLA O FACTOR 4
662,4,SALMONELLA O FACTOR 5
663,4,SALMONELLA O GROUPS A- S
664,4,SALMONELLA O POLYVALENT    
665,4,SALMONELLA O VI    
666,4,SHIGELA SONNEI PHASE 1&2    
667,4,SHIGELLA BOYDIL POLY GROUP C1(8-11)    
668,4,SHIGELLA BOYDIL POLYVALENT  7 - 11
669,4,SHIGELLA BOYDIL POLYVALENT 12-15
670,4,EHRLICH REAGENT
671,4,SHIGELLA DYSENTRIAE POLYVALENT 1-10
672,4,SHIGELLA FLEXINERI POLYVALENT 1 - 6
673,4,"PARA DIMETHYL AMINO BENZALDEHYDE (FOR PREPARATION OF INDOLE REAGENT)    ""KOVACS REAGENT"""
674,4,SULPHAMETHOXAZOLE 100UG SENSITIVITY DISKS
675,4,TETRACYCLINE 30UG SENSITIVITY DISKS
676,4,AMIKACIN SENSITIVITY DISC 30UG
677,4,VIBRIO CHOLERAE  SUBTYPE OGAWA    
678,4,SALMONELLA FACTOR  9
679,4,VIBRIO CHOLERAE INABA    
680,4,VDRL CARBON ANTIGEN    
681,4,WIDAL REAGENT
682,4,VIBRIO CHOLERAE POLYVALENT    
683,4,PREGNANCY TEST STRIPS
684,4,THIOSULPHATE CITRATE BILE SUCROSE (TCBS
685,4,HEPATITIS C RAPID TEST STRIP (HCV)
686,4,HEPATITIS B RAPID TEST STRIP (HBV)
687,4,RAPID PLASMA REAGIN FOR SYPHILIS ANTIGEN TEST KIT/100
688,4,POTASSIUM CYANIDE    
689,4,BLOOD BAG SINGLE 250ML
690,4,HB  (301) KIT
691,4,HEMOCUE CLEANER
692,4,DOUBLE CUVETTES(FOR PROTHROMBIN TIME)
693,4,CUPRIC SULPHATE BOTTLE
694,4,FERRIC CHLORIDE SOLUTION
695,4,GLYCERINE     
696,4,COPPER II SULPHATE    
697,4,POTTASIUM FEROCYNIDE    
698,4,BLOOD BAG SINGLE 450ML
699,4,A- B- O- D- BLOOD GROUPING REAGENTS- KIT OF FOUR
700,4,HAEMOGLOBIN STANDARD (ISCN)
701,4,ETHYLDIAMINE TETRA ACETIC ACID DISODIUM    
702,4,ETHYLADIAMINE TETRA ACETIC ACID + SODIUM    
703,4,POTASSIUM DIHYDROGEN PHOSPATE
704,4,FERRIC CHLORIDE HEXAHYDRATE
705,4,BLOOD BAG DOUBLE 450ML
706,4,COOMBS REAGENTS
707,4,INCOMPLETE ANT -D
708,4,BRILLIANT CRESYL BLUE
709,4,LEISHMANS STAINS    
710,4,SOFT PARAFIN YELLOW(VASELINE)    
711,4,HAEMOCUE BLOOD HAEMOGLOBIN CUVETTEE (B-HEMOGLOBIN)
712,4,HEMOCUE BLOOD HAEMOGLOBIN (Hb-201)CUVETTES
713,4,COMPARATOR LOVIBOND WITH ACESSORIES
714,4,COUNTER DIFFERENTIAL BLOOD CELLS
715,4,SODIUM CITRATE    
716,4,WOODEN RACK PIPETTES WESTERGREEN
717,4,POTASIUM FERRICYANIDE    
718,4,UREA REAGENT ENZYMATIC DETERMINATION - UV
719,4,AZOSTIX. UREA IN BLOOD REAGENT STRIP    
720,4,HEMOCUE  BLOOD GLUCOSE (201)ANALYSER
721,4,URINALYSIS STRIPS(MULTISTIX)
722,4,GLUCOSE IN URINE STRIPS (CLINISTIX STRIPS)
723,4,CONICAL CENTRIFUGE TUBE- 15ML
724,4,GIEMSA SOLUTION
725,4,APPLICATOR STICK WOOD
726,4,PROTEIN IN URINE REAGENT STRIP (ALBUSTIX).
727,4,SODIUM AZIDE AR
728,4,FIELD STAIN A
729,4,FIELD STAIN B
730,4,GIEMSA STAIN    
731,4,GLYCEROL ANALAR. MIN ASSAY 99.5%    
732,4,ABSOLUTE ALCOHOL (ETHANOL 99.90%)
733,4,PHENOL DETACHED CRYSTALS
734,4,THIOUREA
735,4,ACETONE
736,4,SODIUM NITRO PRUSSIDE
737,4,BARIUM SULPHATE POWDER
738,4,PHENOPHTALEINE    
739,4,TRICHLORACETIC ACID 500GM
740,4,PHENOL DETACHED  
741,4,TOLUIDINE BLUE
742,4,ANILINE    
743,4,PHOSPHORIC ACID HPLC GRADE
744,4,SODIUM HYDROGEN 500GM    
745,4,SODIUM THIOSULPHATE 500GM    
746,4,AUROMINE O
747,4,AMMONIUM SULPHATE
748,4,MOLYBDIC ACID SOLUTION
749,4,LEAD SULPHATE
750,4,CHYOSIDINE Y
751,4,PHENOL 85%
752,4,PHENOL 85%
753,4,PHOSPHOTUNGSTIC ACID
754,4,TRICHLORACETIC ACID 20%
755,4,EOSIN BLUISH
756,4,JENNER'S STAIN
757,4,ANILINE 98.5%
758,4,ZINC METAL POWDER 99.5%
759,4,ACETALDEHYDE    
760,4,TRICHLOROETHYLENE    
761,4,CHRYSOIDIN Y 25G
762,4,PHENOL    
763,4,ORANGE G
764,4, SULPHOSALICYCLIC ACID DIHYDRATE
765,4,TRIETHANOLAMINE
766,4,TRISODIUM CITRATE    
767,4,BROMOCRESOL GREEN
768,4,SULFOSALICYLIC ACID
769,4,ETHANOL 90%
770,4,GV PAINT
771,4,CUPRIC CHLORIDE
772,4,SULPHIDE
773,4,SULPHOSALICYLIC ACID    
774,4,SULPHURIC ACID  95 - 97%
775,4,SODIUM NITRATE
776,4,SODIUM TUNGSTATE
777,4,METHANOL ABSOLUTE
778,4,XYLENE
779,4,SODIUM FLUORIDE    
780,4,SODIUM HYDROXIDE PELLETS    
781,4,SODIUM CARBONATE    
782,4,ACETIC ACID  GLACIAL
783,4,ACETONE ANALAR    
784,4,ACRIDINE ORANGE
785,4,AMMONIA   25%
786,4,AMYL ALCOHOL    
787,4,BARIUM CARBONATE
788,4,BENZOIC ACID
789,4,POTASSIUM CHLORIDE    
790,4,POTASSIUM DICHROMATE
791,4,POTASSIUM IODIDE AR(ANALAR M.W.166.00 MIN.ASSAY 99.8%)    
792,4,BORIC ACID BP
793,4,PHOSPHATE  BUFFER TABLETS PH 6.8
794,4,SODIUM CHLORIDE
795,4,PHOSPHATE  BUFFER TABLETS PH 7.2
796,4,BUFFER TABS 7.0
797,4,SULPHANILIC ACID ANALAR
798,4,BUFFER TABS PH 4.0
799,4,ETHANOL 96%
800,4,BARIUM CHLORIDE
801,4,FERRIC CHLORIDE
802,4,FORMALIN AR 40%(ANALAR FORMALDEHYDE SOLUTION)    
803,4,BEAKER 100MLS
804,4,MEASURING SYLINDER 25ML
805,4,TEST TUBES 18X180MM
806,4,PIPETTING TIPS BLUE 1000UL
807,4,BOTTLE REAGENT    
808,4,ALUMINIUM CAPSULES FOR UNIVERSAL BOTTLES
809,4,GLUCOSE
810,4,UREA    
811,4,BEAKER 10MLS
812,4,PIPETTE TIPS 200 MICROLITRE
813,4,SALICYLIC ACID
814,4,HYDROCHLORIC ACID
815,4,CENTRIFUGE MACHINE FOR (4 X 15 ML TUBES); HAND-OPERATED
816,4,COVER SLIPS 22X22MM
817,4,COVER SLIPS 22X50MM
818,4,COVER SLIPS 22X60MM
819,4,CYLINDER GRADUATED    25MLS
820,4,CYLINDER GRADUATED    50MLS
821,4,LITMUS PAPER BLUE
822,4,METHANOL ABSOLUTE (99.9%)
823,4,CYLINDER GRADUATED  100MLS
824,4,CYLINDER GRADUATED  250MLS
825,4,CYLINDER GRADUATED  500MLS
826,4,MEASURING CYLINDER 50CC
827,4,CYLINDER GRADUATED 1000MLS
828,4,FLASK CONICAL   100MLS
829,4,FLASK CONICAL   250MLS
830,4,FLASK CONICAL   500MLS
831,4,FLASK CONICAL 1000MLS
832,4,FLASK VOLUMETRIC   100MLS
833,4,GLOVES POWDER ABSORBENT POWDER
834,4,FLASK VOLUMETRIC   200MLS
835,4,VACCUTAINER NEEDLES 21G X 1.5
836,4,FLASK VOLUMETRIC   250MLS
837,4,FLASK VOLUMETRIC   500MLS
838,4,FLASK VOLUMETRIC 1000MLS
839,4,FUNNEL GLASS 6.5CM
840,4,FUNNEL GLASS 7.5CM
841,4,GLASS-ROD 200MM (STIRING ROD)
842,4,MACROTITRE PLATES WITH U SHAPED WELLS-MIN 9 WELLS
843,4,MICROSCOPE COVER GLASS
844,4,MICROSCOPE SLIDE 76 X 25 MM
845,4,MULT-SUMPLING STERILE NEEDLES (VACUTAINER NEEDLES) 21g X 1.5IN
846,4,OIL FOR MICROSCOPE (OIL IMMERSION)
847,4,PETRI DISH WITH COVER-PYREX GLASS AUTOCLAVABLE 10MLS(60MM)
848,4,"PETRI DISHES + COVER, DISPOSABLE 20MLS(85MM)"
849,4,PETRI DISHES+COVER DISPOSABLE 20MLS(85MM)
850,4,PIPETTE GRADUATED  0.2ML
851,4,PIPETTE GRADUATED  1.0ML
852,4,PIPETTE GRADUATED  5.0MLS
853,4,PIPETTE GRADUATED 10MLS
854,4,PIPETTE VOLUMETRIC 0.01ML MARK
855,4,PIPETTE VOLUMETRIC 0.02ML MARK
856,4,PIPETTE VOLUMETRIC 0.05ML MARK
857,4,PIPETTING TIPS YELLOW
858,4,PIPPETE BLOOD 0.2 ML
859,4,RUBBER TEAT
860,4,TEST TUBE  50X  6MM
861,4,TEST TUBE 100X13MM
862,4,TEST TUBES PYREX(AUTOCLAVABLE)160MMX20MM
863,4,VOLUMETRIC PIPETTES 20MLS
864,4,VOLUMETRIC PIPETTES 50MLS
865,4,APPLICATOR STICK WOOD
866,4,BRUSH FOR PIPETTES
867,4,BRUSH FOR TEST TUBE
868,4,CENTRIFUGE (FOR 8X15 MLS TUBES) ELECTRICAL OPERATED 
869,4,CHEATLE JAR
870,4,COMPARATOR LOVIBOND WITH ACESSORIES
871,4,COUNTER DIFFERENTIAL BLOOD CELLS
872,4,FILTER PAPER SIZE 150MM
873,4,FILTER PAPER SIZE 250MM
874,4,HAEMOGLOBIN SCALE TALQUIST
875,4,MICROSCOPE BINOCULAR
876,4,MICROSCOPE BULB 100WATTS 12VOLTS FOR NIKKON MICROSCOPE
877,4,PAPER SEALING PARAFILM
878,4,PAPER TISSUE FOR MICROSCOPE LENS 10X15 CM
879,4,PIPETTE- PASTEUR GRADUATED 3 ML; PLASTIC DISPOSABLE
880,4,RACK MICROSCOPE SLIDES
881,4,PENCIL DIAMOND GLASS WRITING
882,4,WOODEN RACK PIPETTES WESTERGREEN